{ "version"		: 1.0,
  "size"		: [15,11],
  "start"		: [7,0],
  "offscreen"	: 3,
  "lanes" 		: [
		{"type":"grass"},
	
		{
			"type"   :"road",
			"speed"  : 80, 
			"objects": [
				{ 
					"type"    : "trailer1",
					"position": 3
				},
				{ 
					"type"    : "truck1",
					"position": 7
				},
				{ 
					"type"    : "truck2",
					"position": 10
				}
			]
		},
		{
			"type"   :"road",
			"speed"  : 100, 
			"objects": [
				{ 
					"type"    : "car2",
					"position": 4
				},
				{ 
					"type"    : "car4",
					"position": 7
				},
				{ 
					"type"    : "car6",
					"position": 10
				}
			]
		},
		{
			"type"   : "road",
			"speed"  : -100, 
			"objects": [
				{ 
					"type"    : "car1",
					"position": 1
				},
				{ 
					"type"    : "car2",
					"position": 4
				},
				{ 
					"type"    : "car4",
					"position": 11.5
				},
				{ 
					"type"    : "car5",
					"position": 14
				}
			]
		},
		{
			"type"   :"road",
			"speed"  : -120, 
			"objects": [
				{ 
					"type"    : "truck1",
					"position": 3
				},
				{ 
					"type"    : "truck3",
					"position": 7
				},
				{ 
					"type"    : "truck2",
					"position": 10
				}
			]
		},
		{"type":"grass"},
{
			"type"   : "road",
			"speed"  : 100, 
			"objects": [
				{ 
					"type"    : "car1",
					"position": 1
				},
				{ 
					"type"    : "car2",
					"position": 4
				},
				{ 
					"type"    : "car3",
					"position": 8.5
				},
				{ 
					"type"    : "car4",
					"position": 11.5
				},
				{ 
					"type"    : "car5",
					"position": 14
				}
			]
		},
		{
			"type"   :"road",
			"speed"  : 150, 
			"objects": [
				{ 
					"type"    : "car1",
					"position": 3
				},
				{ 
					"type"    : "car3",
					"position": 9
				},
				{ 
					"type"    : "car5",
					"position": 14.5
				}
			]
		},
		{
			"type"	 :"road",
			"speed"  : -100, 
			"objects": [
				{ 
					"type"    : "car4",
					"position": 2
				},
				{ 
					"type"    : "car5",
					"position": 5
				},
				{ 
					"type"    : "car6",
					"position": 10
				},
				{ 
					"type"    : "car2",
					"position": 13
				},
				{ 
					"type"    : "car3",
					"position": 18
				}				
			]
		},
		{
			"type"   :"road",
			"speed"  : -60, 
			"objects": [
				{ 
					"type"    : "trailer2",
					"position": 1
				},
				{ 
					"type"    : "car4",
					"position": 11
				},
				{ 
					"type"    : "trailer1",
					"position": 15
				}
			]
		},
		{
			"type"   : "hedge",
			"objects": [
				{ 
					"type"    : "exit",
					"position": 3
				},
				{ 
					"type"    : "exit",
					"position": 5
				},
				{ 
					"type"    : "exit",
					"position": 7
				},
				{ 
					"type"    : "exit",
					"position": 9
				},
				{ 
					"type"    : "exit",
					"position": 11
				}
			]		
		}
	]
}